observation_date,IMP0015
1987-01-01,30798.50000000000
1987-02-01,29810.30000000000
1987-03-01,32464.30000000000
1987-04-01,32291.10000000000
1987-05-01,33170.00000000000
1987-06-01,35358.00000000000
1987-07-01,35809.90000000000
1987-08-01,33826.20000000000
1987-09-01,33667.50000000000
1987-10-01,38075.60000000000
1987-11-01,35210.90000000000
1987-12-01,35758.70000000000
1988-01-01,33035.40000000000
1988-02-01,35494.10000000000
1988-03-01,36998.70000000000
1988-04-01,34961.10000000000
1988-05-01,36107.50000000000
1988-06-01,38540.80000000000
1988-07-01,35397.30000000000
1988-08-01,37545.40000000000
1988-09-01,36303.60000000000
1988-10-01,38795.20000000000
1988-11-01,38389.30000000000
1988-12-01,39383.90000000000
1989-01-01,36179.30000000000
1989-02-01,36548.80000000000
1989-03-01,40196.90000000000
1989-04-01,38243.20000000000
1989-05-01,40958.60000000000
1989-06-01,40544.20000000000
1989-07-01,39290.00000000000
1989-08-01,40440.10000000000
1989-09-01,38680.10000000000
1989-10-01,43536.20000000000
1989-11-01,41033.00000000000
1989-12-01,37560.50000000000
1990-01-01,40303.80000000000
1990-02-01,37111.90000000000
1990-03-01,42339.30000000000
1990-04-01,39143.90000000000
1990-05-01,40846.30000000000
1990-06-01,40946.20000000000
1990-07-01,41495.10000000000
1990-08-01,42231.80000000000
1990-09-01,40601.50000000000
1990-10-01,47394.80000000000
1990-11-01,43795.90000000000
1990-12-01,39100.10000000000
1991-01-01,40243.70000000000
1991-02-01,36975.90000000000
1991-03-01,38708.30000000000
1991-04-01,39547.70000000000
1991-05-01,40181.30000000000
1991-06-01,39428.20000000000
1991-07-01,41337.80000000000
1991-08-01,41082.40000000000
1991-09-01,41501.90000000000
1991-10-01,46631.00000000000
1991-11-01,41911.20000000000
1991-12-01,40903.70000000000
1992-01-01,39984.90000000000
1992-02-01,39075.00000000000
1992-03-01,43343.90000000000
1992-04-01,42924.30000000000
1992-05-01,42146.00000000000
1992-06-01,45811.50000000000
1992-07-01,45872.40000000000
1992-08-01,45055.00000000000
1992-09-01,46502.80000000000
1992-10-01,49820.20000000000
1992-11-01,46313.20000000000
1992-12-01,45812.50000000000
1993-01-01,42057.70000000000
1993-02-01,41816.70000000000
1993-03-01,50744.60000000000
1993-04-01,47850.10000000000
1993-05-01,46330.00000000000
1993-06-01,50361.40000000000
1993-07-01,48316.80000000000
1993-08-01,48610.10000000000
1993-09-01,50526.80000000000
1993-10-01,53889.30000000000
1993-11-01,51433.50000000000
1993-12-01,48719.20000000000
1994-01-01,46514.10000000000
1994-02-01,46653.70000000000
1994-03-01,54662.70000000000
1994-04-01,51471.70000000000
1994-05-01,52986.70000000000
1994-06-01,57138.90000000000
1994-07-01,54806.90000000000
1994-08-01,59303.50000000000
1994-09-01,58879.40000000000
1994-10-01,61969.80000000000
1994-11-01,61334.00000000000
1994-12-01,57530.40000000000
1995-01-01,57292.90000000000
1995-02-01,55217.10000000000
1995-03-01,63583.60000000000
1995-04-01,59792.70000000000
1995-05-01,63198.40000000000
1995-06-01,64090.50000000000
1995-07-01,61856.70000000000
1995-08-01,64452.10000000000
1995-09-01,63416.00000000000
1995-10-01,67389.60000000001
1995-11-01,63576.50000000000
1995-12-01,59678.90000000000
1996-01-01,61909.40000000000
1996-02-01,60579.50000000000
1996-03-01,63363.30000000000
1996-04-01,64663.40000000000
1996-05-01,66856.89999999999
1996-06-01,64195.80000000000
1996-07-01,67681.50000000000
1996-08-01,68025.39999999999
1996-09-01,68308.80000000000
1996-10-01,74117.30000000000
1996-11-01,68015.39999999999
1996-12-01,67569.89999999999
1997-01-01,67271.89999999999
1997-02-01,65090.40000000000
1997-03-01,70606.10000000001
1997-04-01,71168.89999999999
1997-05-01,71430.39999999999
1997-06-01,71575.50000000000
1997-07-01,74815.30000000000
1997-08-01,72925.30000000000
1997-09-01,76750.89999999999
1997-10-01,81348.60000000001
1997-11-01,72049.39999999999
1997-12-01,74670.30000000000
1998-01-01,70223.89999999999
1998-02-01,68394.00000000000
1998-03-01,78095.70000000000
1998-04-01,75743.89999999999
1998-05-01,73997.70000000000
1998-06-01,76918.10000000001
1998-07-01,76336.39999999999
1998-08-01,76014.00000000000
1998-09-01,78434.70000000000
1998-10-01,83711.39999999999
1998-11-01,78020.10000000001
1998-12-01,76006.80000000000
1999-01-01,71766.30000000000
1999-02-01,73848.60000000001
1999-03-01,84071.89999999999
1999-04-01,79979.80000000000
1999-05-01,80964.80000000000
1999-06-01,87878.89999999999
1999-07-01,86775.39999999999
1999-08-01,89748.30000000000
1999-09-01,90244.89999999999
1999-10-01,94460.00000000000
1999-11-01,93580.10000000001
1999-12-01,91296.50000000000
2000-01-01,87187.80000000000
2000-02-01,91687.70000000000
2000-03-01,103244.50000000000
2000-04-01,95141.10000000001
2000-05-01,101067.50000000000
2000-06-01,104526.50000000000
2000-07-01,101986.60000000001
2000-08-01,108166.70000000000
2000-09-01,106355.10000000001
2000-10-01,113812.50000000000
2000-11-01,106394.50000000000
2000-12-01,98452.10000000001
2001-01-01,101869.10000000001
2001-02-01,91638.80000000000
2001-03-01,103536.89999999999
2001-04-01,96264.30000000000
2001-05-01,96604.80000000000
2001-06-01,95662.89999999999
2001-07-01,94625.20000000000
2001-08-01,96727.70000000000
2001-09-01,89483.39999999999
2001-10-01,101176.80000000000
2001-11-01,91705.30000000000
2001-12-01,81702.89999999999
2002-01-01,85111.70000000000
2002-02-01,83472.60000000001
2002-03-01,91414.89999999999
2002-04-01,96890.80000000000
2002-05-01,97648.89999999999
2002-06-01,96415.89999999999
2002-07-01,100471.89999999999
2002-08-01,102276.60000000001
2002-09-01,99428.80000000000
2002-10-01,106250.80000000000
2002-11-01,102564.50000000000
2002-12-01,99419.00000000000
2003-01-01,97490.98131300000
2003-02-01,93153.94027900000
2003-03-01,105842.30981200001
2003-04-01,103869.20886499999
2003-05-01,102068.40531099999
2003-06-01,103957.66842800000
2003-07-01,107631.00132900001
2003-08-01,102307.01145300000
2003-09-01,108321.94372300000
2003-10-01,117157.60348400001
2003-11-01,106066.25400200000
2003-12-01,109254.92265100000
2004-01-01,103993.00000000000
2004-02-01,104864.00000000000
2004-03-01,123421.00000000000
2004-04-01,118885.00000000000
2004-05-01,118271.00000000000
2004-06-01,127657.00000000000
2004-07-01,123224.00000000000
2004-08-01,127216.00000000000
2004-09-01,126022.00000000000
2004-10-01,134816.00000000000
2004-11-01,134719.00000000000
2004-12-01,126617.00000000000
2005-01-01,122900.00000000000
2005-02-01,122233.00000000000
2005-03-01,135451.00000000000
2005-04-01,135456.00000000000
2005-05-01,136191.00000000000
2005-06-01,141426.00000000000
2005-07-01,136515.00000000000
2005-08-01,146397.00000000000
2005-09-01,146216.00000000000
2005-10-01,156162.00000000000
2005-11-01,150245.00000000000
2005-12-01,144262.00000000000
2006-01-01,144562.00000000000
2006-02-01,134702.00000000000
2006-03-01,154040.00000000000
2006-04-01,146919.00000000000
2006-05-01,159164.00000000000
2006-06-01,160487.00000000000
2006-07-01,157768.00000000000
2006-08-01,167558.00000000000
2006-09-01,158470.00000000000
2006-10-01,164028.00000000000
2006-11-01,157288.00000000000
2006-12-01,148952.00000000000
2007-01-01,150833.00000000000
2007-02-01,139793.00000000000
2007-03-01,161363.00000000000
2007-04-01,156583.00000000000
2007-05-01,163323.00000000000
2007-06-01,164462.00000000000
2007-07-01,166765.00000000000
2007-08-01,170766.00000000000
2007-09-01,162772.00000000000
2007-10-01,182044.00000000000
2007-11-01,175663.00000000000
2007-12-01,162594.00000000000
2008-01-01,168350.20040800000
2008-02-01,165069.69699999999
2008-03-01,171194.02996700001
2008-04-01,182115.08024899999
2008-05-01,182956.26111200001
2008-06-01,190117.05501800001
2008-07-01,202614.39187900000
2008-08-01,189874.89750699999
2008-09-01,180188.98495600000
2008-10-01,185882.20694199999
2008-11-01,147514.98694400000
2008-12-01,137762.91896200000
2009-01-01,122414.55619700000
2009-02-01,109012.18425100000
2009-03-01,121358.70439000000
2009-04-01,118895.82382700000
2009-05-01,116341.49264900001
2009-06-01,127173.22742100000
2009-07-01,135695.81765700001
2009-08-01,131271.59458599999
2009-09-01,141004.47735800000
2009-10-01,147026.85088899999
2009-11-01,143324.27676600000
2009-12-01,146105.80748600001
2010-01-01,136725.37252300000
2010-02-01,133898.77249800001
2010-03-01,157728.78262799999
2010-04-01,153165.03078599999
2010-05-01,156153.20088600001
2010-06-01,168323.63127700001
2010-07-01,163909.98775800000
2010-08-01,171004.09836999999
2010-09-01,167120.34293099999
2010-10-01,170320.05849900001
2010-11-01,168989.17090100000
2010-12-01,166518.14495700001
2011-01-01,167048.12090800001
2011-02-01,156320.72901099999
2011-03-01,185977.69722199999
2011-04-01,178293.46304300000
2011-05-01,188953.37067400001
2011-06-01,191582.14825000000
2011-07-01,187230.22896899999
2011-08-01,196337.83672900000
2011-09-01,189566.83951699999
2011-10-01,191809.56315400000
2011-11-01,190317.75960799999
2011-12-01,184516.58923099999
2012-01-01,183533.24906000000
2012-02-01,171831.07278600000
2012-03-01,197350.13210500000
2012-04-01,189466.16532599999
2012-05-01,198409.59255599999
2012-06-01,191786.70462999999
2012-07-01,192838.67408000000
2012-08-01,194941.53094400000
2012-09-01,185682.75136400000
2012-10-01,198767.11065799999
2012-11-01,194553.22457300001
2012-12-01,177106.93911700000
2013-01-01,185168.56696699999
2013-02-01,170322.89801500001
2013-03-01,181850.69999400000
2013-04-01,190555.28585300001
2013-05-01,196685.38728699999
2013-06-01,184930.45951700001
2013-07-01,197311.66050599999
2013-08-01,193050.66428800000
2013-09-01,191940.91802600000
2013-10-01,205089.65791700000
2013-11-01,188617.83033699999
2013-12-01,182462.70491500001
2014-01-01,186070.06802199999
2014-02-01,170711.23107200000
2014-03-01,194612.91650200001
2014-04-01,201243.75855500001
2014-05-01,200859.88009900000
2014-06-01,198352.97719500001
2014-07-01,205134.17387400000
2014-08-01,197312.13552300000
2014-09-01,203729.65037900000
2014-10-01,211643.11286600001
2014-11-01,190689.69431500000
2014-12-01,195996.47395099999
2015-01-01,181220.26746300000
2015-02-01,162949.74449600000
2015-03-01,198235.29176200001
2015-04-01,190066.36052799999
2015-05-01,186571.08175000001
2015-06-01,197380.38692300001
2015-07-01,193673.88519000000
2015-08-01,189979.30867500001
2015-09-01,191544.62091699999
2015-10-01,195248.92275000000
2015-11-01,182176.16151199999
2015-12-01,179765.31951500001
2016-01-01,165816.22960799999
2016-02-01,168042.08423600000
2016-03-01,178405.40913399999
2016-04-01,173964.04179399999
2016-05-01,183394.31486400001
2016-06-01,188539.29588799999
2016-07-01,181779.36257200001
2016-08-01,193986.71189400001
2016-09-01,185985.60237000001
2016-10-01,191999.70399800001
2016-11-01,191156.67132500000
2016-12-01,183716.47302599999
2017-01-01,185653.69445899999
2017-02-01,169238.13641800001
2017-03-01,194066.13579299999
2017-04-01,185868.22250999999
2017-05-01,200330.88917600000
2017-06-01,198174.39765100001
2017-07-01,191754.46314199999
2017-08-01,201557.23512999999
2017-09-01,194517.25644200001
2017-10-01,210605.85644800001
2017-11-01,207578.65313300001
2017-12-01,200246.38971600001
2018-01-01,203028.88384599995
2018-02-01,186770.20288900007
2018-03-01,207985.48568699992
2018-04-01,205084.37810399992
2018-05-01,216026.51396200008
2018-06-01,211252.66244499999
2018-07-01,216854.22436100009
2018-08-01,221896.96510499984
2018-09-01,211317.47413900000
2018-10-01,235857.71217499991
2018-11-01,213493.03401400009
2018-12-01,206577.73695100000
2019-01-01,203980.73553499993
2019-02-01,185267.53232999996
2019-03-01,207511.04615000007
2019-04-01,208742.14261900005
2019-05-01,220207.61102899988
2019-06-01,206531.57928600008
2019-07-01,218311.14654699992
2019-08-01,215245.81618100012
2019-09-01,206148.93430800000
2019-10-01,218901.11453200001
2019-11-01,198974.55469300004
2019-12-01,201877.35451599993
2020-01-01,195796.20407199999
2020-02-01,178107.95998800005
2020-03-01,193922.84789900004
2020-04-01,165611.88568899996
2020-05-01,163494.07939700002
2020-06-01,179138.11517099995
2020-07-01,199927.69781200017
2020-08-01,203112.04865600000
2020-09-01,206083.66846900003
2020-10-01,218952.60853099983
2020-11-01,212453.31481199985
2020-12-01,214876.75032599995
2021-01-01,204628.27022599999
2021-02-01,193435.05762100007
2021-03-01,236917.16433199996
2021-04-01,226461.82160200001
2021-05-01,230413.99715000001
2021-06-01,242322.11872399991
2021-07-01,237302.40092200012
2021-08-01,245231.53098500008
2021-09-01,244355.84470100008
2021-10-01,251211.88887899992
2021-11-01,259390.16212600001
2021-12-01,256845.24263100000
2022-01-01,247008.64123799987
2022-02-01,233955.40550800000
2022-03-01,295671.87204500003
2022-04-01,272415.11431999994
2022-05-01,285287.16118300002
2022-06-01,285977.96637000010
2022-07-01,270390.96182200004
2022-08-01,283272.95212999993
2022-09-01,275053.12691199977
2022-10-01,281439.42243299983
2022-11-01,255571.95375500008
2022-12-01,253688.35704499987
2023-01-01,254604.40344900003
2023-02-01,230153.54445399987
2023-03-01,261227.44983700008
2023-04-01,249849.59189300009
2023-05-01,263178.31523500022
2023-06-01,257206.50612700000
2023-07-01,255321.90469400008
2023-08-01,265543.79137799999
2023-09-01,260836.80614700005
2023-10-01,276193.16132799990
2023-11-01,255425.19774900016
2023-12-01,247011.63333299980
2024-01-01,253526.87990500001
2024-02-01,242027.72971900000
2024-03-01,258840.10221400001
2024-04-01,270765.05919400015
2024-05-01,274767.15871599980
2024-06-01,265671.16235500021
2024-07-01,287727.70532000007
2024-08-01,276927.37000800035
2024-09-01,285714.91668100003
2024-10-01,288850.15023299982
2024-11-01,274286.46015699999
2024-12-01,284788.55962600018
2025-01-01,318003.84273399995
2025-02-01,287814.54507900006
2025-03-01,342286.03926599998
2025-04-01,275682.98102200014
2025-05-01,275790.90935399977
2025-06-01,265407.06627199985
2025-07-01,292132.76936199999
2025-08-01,262590.25177700003
2025-09-01,276807.39646199980
2025-10-01,274999.25411700032
2025-11-01,261024.76697999993
2025-12-01,281970.77038900007
2026-01-01,260593.32214900001
2026-02-01,253619.78822300001
2026-03-01,302401.20825099997
2026-04-01,300255.34357500001
2026-05-01,311856.11267100001
